平安银行,sz000001
万  科Ａ,sz000002
国农科技,sz000004
世纪星源,sz000005
深振业Ａ,sz000006
全新好,sz000007
神州高铁,sz000008
中国宝安,sz000009
美丽生态,sz000010
深物业A,sz000011
南  玻Ａ,sz000012
沙河股份,sz000014
深康佳Ａ,sz000016
深中华A,sz000017
神州长城,sz000018
深深宝Ａ,sz000019
深华发Ａ,sz000020
深科技,sz000021
深赤湾Ａ,sz000022
深天地Ａ,sz000023
特  力Ａ,sz000025
飞亚达Ａ,sz000026
深圳能源,sz000027
国药一致,sz000028
深深房Ａ,sz000029
富奥股份,sz000030
中粮地产,sz000031
深桑达Ａ,sz000032
神州数码,sz000034
中国天楹,sz000035
华联控股,sz000036
深南电A,sz000037
深大通,sz000038
中集集团,sz000039
东旭蓝天,sz000040
中洲控股,sz000042
中航地产,sz000043
深纺织Ａ,sz000045
泛海控股,sz000046
康达尔,sz000048
德赛电池,sz000049
深天马Ａ,sz000050
方大集团,sz000055
皇庭国际,sz000056
深 赛 格,sz000058
华锦股份,sz000059
中金岭南,sz000060
农 产 品,sz000061
深圳华强,sz000062
中兴通讯,sz000063
北方国际,sz000065
中国长城,sz000066
华控赛格,sz000068
华侨城Ａ,sz000069
特发信息,sz000070
海王生物,sz000078
盐 田 港,sz000088
深圳机场,sz000089
天健集团,sz000090
广聚能源,sz000096
中信海直,sz000099
TCL 集团,sz000100
宜华健康,sz000150
中成股份,sz000151
丰原药业,sz000153
川化股份,sz000155
华数传媒,sz000156
中联重科,sz000157
常山北明,sz000158
国际实业,sz000159
申万宏源,sz000166
东方市场,sz000301
美的集团,sz000333
潍柴动力,sz000338
许继电气,sz000400
冀东水泥,sz000401
金 融 街,sz000402
ST生化,sz000403
华意压缩,sz000404
胜利股份,sz000407
藏格控股,sz000408
山东地矿,sz000409
*ST沈机,sz000410
英特集团,sz000411
东旭光电,sz000413
渤海金控,sz000415
民生控股,sz000416
合肥百货,sz000417
小天鹅Ａ,sz000418
通程控股,sz000419
吉林化纤,sz000420
南京公用,sz000421
湖北宜化,sz000422
东阿阿胶,sz000423
徐工机械,sz000425
兴业矿业,sz000426
华天酒店,sz000428
粤高速Ａ,sz000429
张家界,sz000430
晨鸣纸业,sz000488
山东路桥,sz000498
鄂武商Ａ,sz000501
绿景控股,sz000502
海虹控股,sz000503
南华生物,sz000504
珠江控股,sz000505
中润资源,sz000506
珠海港,sz000507
华塑控股,sz000509
金路集团,sz000510
*ST烯碳,sz000511
丽珠集团,sz000513
渝 开 发,sz000514
国际医学,sz000516
荣安地产,sz000517
四环生物,sz000518
中兵红箭,sz000519
长航凤凰,sz000520
美菱电器,sz000521
广州浪奇,sz000523
岭南控股,sz000524
红 太 阳,sz000525
*ST紫学,sz000526
柳    工,sz000528
广弘控股,sz000529
大冷股份,sz000530
穗恒运Ａ,sz000531
华金资本,sz000532
万 家 乐,sz000533
万泽股份,sz000534
华映科技,sz000536
广宇发展,sz000537
云南白药,sz000538
粤电力Ａ,sz000539
中天金融,sz000540
佛山照明,sz000541
皖能电力,sz000543
中原环保,sz000544
金浦钛业,sz000545
金圆股份,sz000546
航天发展,sz000547
湖南投资,sz000548
江铃汽车,sz000550
创元科技,sz000551
靖远煤电,sz000552
沙隆达Ａ,sz000553
泰山石油,sz000554
神州信息,sz000555
西部创业,sz000557
莱茵体育,sz000558
万向钱潮,sz000559
昆百大Ａ,sz000560
烽火电子,sz000561
陕国投Ａ,sz000563
供销大集,sz000564
渝三峡Ａ,sz000565
海南海药,sz000566
海德股份,sz000567
泸州老窖,sz000568
苏常柴Ａ,sz000570
新大洲Ａ,sz000571
海马汽车,sz000572
粤宏远Ａ,sz000573
广东甘化,sz000576
威孚高科,sz000581
北部湾港,sz000582
哈工智能,sz000584
东北电气,sz000585
汇源通信,sz000586
金洲慈航,sz000587
黔轮胎Ａ,sz000589
启迪古汉,sz000590
太阳能,sz000591
平潭发展,sz000592
大通燃气,sz000593
*ST宝实,sz000595
古井贡酒,sz000596
东北制药,sz000597
兴蓉环境,sz000598
青岛双星,sz000599
建投能源,sz000600
韶能股份,sz000601
盛达矿业,sz000603
渤海股份,sz000605
神州易桥,sz000606
华媒控股,sz000607
阳光股份,sz000608
绵石投资,sz000609
西安旅游,sz000610
天首发展,sz000611
焦作万方,sz000612
*ST东海A,sz000613
京汉股份,sz000615
海航投资,sz000616
中油资本,sz000617
海螺型材,sz000619
新华联,sz000620
恒立实业,sz000622
吉林敖东,sz000623
长安汽车,sz000625
远大控股,sz000626
天茂集团,sz000627
高新发展,sz000628
*ST钒钛,sz000629
铜陵有色,sz000630
顺发恒业,sz000631
三木集团,sz000632
合金投资,sz000633
英 力 特,sz000635
风华高科,sz000636
茂化实华,sz000637
万方发展,sz000638
西王食品,sz000639
仁和药业,sz000650
格力电器,sz000651
泰达股份,sz000652
金岭矿业,sz000655
金科股份,sz000656
中钨高新,sz000657
*ST中富,sz000659
长春高新,sz000661
天夏智慧,sz000662
永安林业,sz000663
湖北广电,sz000665
经纬纺机,sz000666
美好置业,sz000667
荣丰控股,sz000668
金鸿控股,sz000669
盈方微,sz000670
阳 光 城,sz000671
上峰水泥,sz000672
当代东方,sz000673
智度股份,sz000676
恒天海龙,sz000677
襄阳轴承,sz000678
大连友谊,sz000679
山推股份,sz000680
视觉中国,sz000681
东方电子,sz000682
远兴能源,sz000683
中山公用,sz000685
东北证券,sz000686
华讯方舟,sz000687
建新矿业,sz000688
宝新能源,sz000690
亚太实业,sz000691
惠天热电,sz000692
*ST华泽,sz000693
滨海能源,sz000695
炼石有色,sz000697
沈阳化工,sz000698
模塑科技,sz000700
厦门信达,sz000701
正虹科技,sz000702
恒逸石化,sz000703
浙江震元,sz000705
双环科技,sz000707
大冶特钢,sz000708
河钢股份,sz000709
贝瑞基因,sz000710
京蓝科技,sz000711
锦龙股份,sz000712
丰乐种业,sz000713
中兴商业,sz000715
黑芝麻,sz000716
韶钢松山,sz000717
苏宁环球,sz000718
中原传媒,sz000719
新能泰山,sz000720
西安饮食,sz000721
湖南发展,sz000722
美锦能源,sz000723
京东方Ａ,sz000725
鲁  泰Ａ,sz000726
华东科技,sz000727
国元证券,sz000728
燕京啤酒,sz000729
四川美丰,sz000731
泰禾集团,sz000732
振华科技,sz000733
罗 牛 山,sz000735
中交地产,sz000736
南风化工,sz000737
航发控制,sz000738
普洛药业,sz000739
国海证券,sz000750
锌业股份,sz000751
西藏发展,sz000752
漳州发展,sz000753
*ST三维,sz000755
新华制药,sz000756
浩物股份,sz000757
中色股份,sz000758
中百集团,sz000759
斯太尔,sz000760
本钢板材,sz000761
西藏矿业,sz000762
通化金马,sz000766
漳泽电力,sz000767
中航飞机,sz000768
广发证券,sz000776
中核科技,sz000777
新兴铸管,sz000778
三毛派神,sz000779
*ST平能,sz000780
美达股份,sz000782
长江证券,sz000783
武汉中商,sz000785
北新建材,sz000786
北大医药,sz000788
万年青,sz000789
泰合健康,sz000790
甘肃电投,sz000791
盐湖股份,sz000792
华闻传媒,sz000793
英洛华,sz000795
凯撒旅游,sz000796
中国武夷,sz000797
中水渔业,sz000798
酒鬼酒,sz000799
一汽轿车,sz000800
四川九洲,sz000801
北京文化,sz000802
*ST金宇,sz000803
银河生物,sz000806
云铝股份,sz000807
*ST新城,sz000809
创维数字,sz000810
冰轮环境,sz000811
陕西金叶,sz000812
德展健康,sz000813
美利云,sz000815
智慧农业,sz000816
方大化工,sz000818
岳阳兴长,sz000819
神雾节能,sz000820
京山轻机,sz000821
山东海化,sz000822
超声电子,sz000823
太钢不锈,sz000825
启迪桑德,sz000826
东莞控股,sz000828
天音控股,sz000829
鲁西化工,sz000830
五矿稀土,sz000831
贵糖股份,sz000833
长城动漫,sz000835
鑫茂科技,sz000836
秦川机床,sz000837
财信发展,sz000838
中信国安,sz000839
承德露露,sz000848
华茂股份,sz000850
高鸿股份,sz000851
石化机械,sz000852
冀东装备,sz000856
五 粮 液,sz000858
国风塑业,sz000859
顺鑫农业,sz000860
海印股份,sz000861
银星能源,sz000862
三湘印象,sz000863
安凯客车,sz000868
张  裕Ａ,sz000869
吉电股份,sz000875
新 希 望,sz000876
天山股份,sz000877
云南铜业,sz000878
潍柴重机,sz000880
中广核技,sz000881
华联股份,sz000882
湖北能源,sz000883
同力水泥,sz000885
海南高速,sz000886
中鼎股份,sz000887
峨眉山Ａ,sz000888
茂业通信,sz000889
法 尔 胜,sz000890
欢瑞世纪,sz000892
东凌国际,sz000893
双汇发展,sz000895
津滨发展,sz000897
鞍钢股份,sz000898
赣能股份,sz000899
现代投资,sz000900
航天科技,sz000901
新洋丰,sz000902
云内动力,sz000903
厦门港务,sz000905
浙商中拓,sz000906
景峰医药,sz000908
数源科技,sz000909
大亚圣象,sz000910
南宁糖业,sz000911
*ST天化,sz000912
钱江摩托,sz000913
山大华特,sz000915
电广传媒,sz000917
嘉凯城,sz000918
金陵药业,sz000919
南方汇通,sz000920
海信科龙,sz000921
*ST佳电,sz000922
河北宣工,sz000923
众合科技,sz000925
福星股份,sz000926
一汽夏利,sz000927
中钢国际,sz000928
兰州黄河,sz000929
中粮生化,sz000930
中 关 村,sz000931
*ST华菱,sz000932
神火股份,sz000933
四川双马,sz000935
华西股份,sz000936
冀中能源,sz000937
紫光股份,sz000938
凯迪生态,sz000939
南天信息,sz000948
新乡化纤,sz000949
*ST建峰,sz000950
中国重汽,sz000951
广济药业,sz000952
*ST河化,sz000953
欣龙控股,sz000955
中通客车,sz000957
东方能源,sz000958
首钢股份,sz000959
锡业股份,sz000960
中南建设,sz000961
东方钽业,sz000962
华东医药,sz000963
天保基建,sz000965
长源电力,sz000966
盈峰环境,sz000967
蓝焰控股,sz000968
安泰科技,sz000969
中科三环,sz000970
高升控股,sz000971
*ST中基,sz000972
佛塑科技,sz000973
银泰资源,sz000975
华铁股份,sz000976
浪潮信息,sz000977
桂林旅游,sz000978
中弘股份,sz000979
众泰汽车,sz000980
银亿股份,sz000981
*ST 中绒,sz000982
西山煤电,sz000983
大庆华科,sz000985
越秀金控,sz000987
华工科技,sz000988
九 芝 堂,sz000989
诚志股份,sz000990
闽东电力,sz000993
皇台酒业,sz000995
中国中期,sz000996
新 大 陆,sz000997
隆平高科,sz000998
华润三九,sz000999
宗申动力,sz001696
豫能控股,sz001896
招商公路,sz001965
招商蛇口,sz001979
深物业B,sz200011
南  玻Ｂ,sz200012
深康佳Ｂ,sz200016
深中华B,sz200017
神州B,sz200018
深深宝Ｂ,sz200019
深华发Ｂ,sz200020
深赤湾Ｂ,sz200022
特  力Ｂ,sz200025
飞亚达Ｂ,sz200026
一致Ｂ,sz200028
深深房Ｂ,sz200029
富奥B,sz200030
深南电B,sz200037
深纺织Ｂ,sz200045
深基地Ｂ,sz200053
建车B,sz200054
方大Ｂ,sz200055
皇庭B,sz200056
深赛格B,sz200058
山  航Ｂ,sz200152
东沣B,sz200160
舜喆B,sz200168
东旭B,sz200413
小天鹅Ｂ,sz200418
粤高速Ｂ,sz200429
*ST宁通B,sz200468
晨  鸣Ｂ,sz200488
珠江B,sz200505
闽灿坤Ｂ,sz200512
皖美菱Ｂ,sz200521
大  冷Ｂ,sz200530
粤电力Ｂ,sz200539
粤照明Ｂ,sz200541
江  铃Ｂ,sz200550
沙隆达Ｂ,sz200553
苏常柴Ｂ,sz200570
苏威孚Ｂ,sz200581
古井贡Ｂ,sz200596
*ST东海B,sz200613
长  安Ｂ,sz200625
瓦轴B,sz200706
京东方Ｂ,sz200725
鲁  泰Ｂ,sz200726
本钢板Ｂ,sz200761
杭汽轮Ｂ,sz200771
张  裕Ｂ,sz200869
粤华包Ｂ,sz200986
中  鲁Ｂ,sz200992
新 和 成,sz002001
鸿达兴业,sz002002
伟星股份,sz002003
华邦健康,sz002004
德豪润达,sz002005
精功科技,sz002006
华兰生物,sz002007
大族激光,sz002008
天奇股份,sz002009
传化智联,sz002010
盾安环境,sz002011
凯恩股份,sz002012
中航机电,sz002013
永新股份,sz002014
霞客环保,sz002015
世荣兆业,sz002016
东信和平,sz002017
华信国际,sz002018
亿帆医药,sz002019
京新药业,sz002020
中捷资源,sz002021
科华生物,sz002022
海特高新,sz002023
苏宁云商,sz002024
航天电器,sz002025
山东威达,sz002026
分众传媒,sz002027
思源电气,sz002028
七 匹 狼,sz002029
达安基因,sz002030
巨轮智能,sz002031
苏 泊 尔,sz002032
丽江旅游,sz002033
旺能环境,sz002034
华帝股份,sz002035
联创电子,sz002036
久联发展,sz002037
双鹭药业,sz002038
黔源电力,sz002039
南 京 港,sz002040
登海种业,sz002041
华孚时尚,sz002042
兔 宝 宝,sz002043
美年健康,sz002044
国光电器,sz002045
轴研科技,sz002046
宝鹰股份,sz002047
宁波华翔,sz002048
紫光国芯,sz002049
三花智控,sz002050
中工国际,sz002051
同洲电子,sz002052
云南能投,sz002053
德美化工,sz002054
得润电子,sz002055
横店东磁,sz002056
中钢天源,sz002057
威 尔 泰,sz002058
云南旅游,sz002059
粤 水 电,sz002060
浙江交科,sz002061
宏润建设,sz002062
远光软件,sz002063
华峰氨纶,sz002064
东华软件,sz002065
瑞泰科技,sz002066
景兴纸业,sz002067
黑猫股份,sz002068
獐子岛,sz002069
*ST众和,sz002070
长城影视,sz002071
凯瑞德,sz002072
软控股份,sz002073
国轩高科,sz002074
沙钢股份,sz002075
雪 莱 特,sz002076
大港股份,sz002077
太阳纸业,sz002078
苏州固锝,sz002079
中材科技,sz002080
金 螳 螂,sz002081
万邦德,sz002082
孚日股份,sz002083
海鸥卫浴,sz002084
万丰奥威,sz002085
东方海洋,sz002086
新野纺织,sz002087
鲁阳节能,sz002088
新 海 宜,sz002089
金智科技,sz002090
江苏国泰,sz002091
中泰化学,sz002092
国脉科技,sz002093
青岛金王,sz002094
生 意 宝,sz002095
南岭民爆,sz002096
山河智能,sz002097
浔兴股份,sz002098
海翔药业,sz002099
天康生物,sz002100
广东鸿图,sz002101
冠福股份,sz002102
广博股份,sz002103
恒宝股份,sz002104
信隆健康,sz002105
莱宝高科,sz002106
沃华医药,sz002107
沧州明珠,sz002108
兴化股份,sz002109
三钢闽光,sz002110
威海广泰,sz002111
三变科技,sz002112
天润数娱,sz002113
罗平锌电,sz002114
三维通信,sz002115
中国海诚,sz002116
东港股份,sz002117
紫鑫药业,sz002118
康强电子,sz002119
韵达股份,sz002120
科陆电子,sz002121
天马股份,sz002122
梦网集团,sz002123
天邦股份,sz002124
湘潭电化,sz002125
银轮股份,sz002126
南极电商,sz002127
露天煤业,sz002128
中环股份,sz002129
沃尔核材,sz002130
利欧股份,sz002131
恒星科技,sz002132
广宇集团,sz002133
*ST普林,sz002134
东南网架,sz002135
安 纳 达,sz002136
麦达数字,sz002137
顺络电子,sz002138
拓邦股份,sz002139
东华科技,sz002140
贤丰控股,sz002141
宁波银行,sz002142
印纪传媒,sz002143
宏达高科,sz002144
中核钛白,sz002145
荣盛发展,sz002146
新光圆成,sz002147
北纬科技,sz002148
西部材料,sz002149
通润装备,sz002150
北斗星通,sz002151
广电运通,sz002152
石基信息,sz002153
报 喜 鸟,sz002154
湖南黄金,sz002155
通富微电,sz002156
正邦科技,sz002157
汉钟精机,sz002158
三特索道,sz002159
常铝股份,sz002160
远 望 谷,sz002161
悦心健康,sz002162
中航三鑫,sz002163
宁波东力,sz002164
红 宝 丽,sz002165
莱茵生物,sz002166
东方锆业,sz002167
深圳惠程,sz002168
智光电气,sz002169
芭田股份,sz002170
楚江新材,sz002171
澳洋科技,sz002172
创新医疗,sz002173
游族网络,sz002174
东方网络,sz002175
江特电机,sz002176
御银股份,sz002177
延华智能,sz002178
中航光电,sz002179
纳思达,sz002180
粤 传 媒,sz002181
云海金属,sz002182
怡 亚 通,sz002183
海得控制,sz002184
华天科技,sz002185
全 聚 德,sz002186
广百股份,sz002187
巴士在线,sz002188
利达光电,sz002189
成飞集成,sz002190
劲嘉股份,sz002191
融捷股份,sz002192
如意集团,sz002193
武汉凡谷,sz002194
二三四五,sz002195
方正电机,sz002196
证通电子,sz002197
嘉应制药,sz002198
东晶电子,sz002199
云投生态,sz002200
九鼎新材,sz002201
金风科技,sz002202
海亮股份,sz002203
大连重工,sz002204
国统股份,sz002205
海 利 得,sz002206
*ST准油,sz002207
合肥城建,sz002208
达 意 隆,sz002209
飞马国际,sz002210
宏达新材,sz002211
南洋股份,sz002212
特 尔 佳,sz002213
大立科技,sz002214
诺 普 信,sz002215
三全食品,sz002216
合力泰,sz002217
拓日新能,sz002218
恒康医疗,sz002219
天宝食品,sz002220
东华能源,sz002221
福晶科技,sz002222
鱼跃医疗,sz002223
三 力 士,sz002224
濮耐股份,sz002225
江南化工,sz002226
奥 特 迅,sz002227
合兴包装,sz002228
鸿博股份,sz002229
科大讯飞,sz002230
奥维通信,sz002231
启明信息,sz002232
塔牌集团,sz002233
民和股份,sz002234
安妮股份,sz002235
大华股份,sz002236
恒邦股份,sz002237
天威视讯,sz002238
奥特佳,sz002239
威华股份,sz002240
歌尔股份,sz002241
九阳股份,sz002242
通产丽星,sz002243
滨江集团,sz002244
澳洋顺昌,sz002245
北化股份,sz002246
帝龙文化,sz002247
*ST东数,sz002248
大洋电机,sz002249
联化科技,sz002250
步 步 高,sz002251
上海莱士,sz002252
川大智胜,sz002253
泰和新材,sz002254
海陆重工,sz002255
兆新股份,sz002256
立立电子,sz002257
利尔化学,sz002258
升达林业,sz002259
德奥通航,sz002260
拓维信息,sz002261
恩华药业,sz002262
大 东 南,sz002263
新 华 都,sz002264
西仪股份,sz002265
浙富控股,sz002266
陕天然气,sz002267
卫 士 通,sz002268
美邦服饰,sz002269
华明装备,sz002270
东方雨虹,sz002271
川润股份,sz002272
水晶光电,sz002273
华昌化工,sz002274
桂林三金,sz002275
万马股份,sz002276
友阿股份,sz002277
神开股份,sz002278
久其软件,sz002279
联络互动,sz002280
光迅科技,sz002281
博深工具,sz002282
天润曲轴,sz002283
亚太股份,sz002284
世联行,sz002285
保龄宝,sz002286
奇正藏药,sz002287
超华科技,sz002288
宇顺电子,sz002289
中科新材,sz002290
星期六,sz002291
奥飞娱乐,sz002292
罗莱生活,sz002293
信立泰,sz002294
精艺股份,sz002295
辉煌科技,sz002296
博云新材,sz002297
中电鑫龙,sz002298
圣农发展,sz002299
太阳电缆,sz002300
齐心集团,sz002301
西部建设,sz002302
美盈森,sz002303
洋河股份,sz002304
南国置业,sz002305
*ST云网,sz002306
北新路桥,sz002307
威创股份,sz002308
中利集团,sz002309
东方园林,sz002310
海大集团,sz002311
*ST三泰,sz002312
日海通讯,sz002313
南山控股,sz002314
焦点科技,sz002315
键桥通讯,sz002316
众生药业,sz002317
久立特材,sz002318
乐通股份,sz002319
海峡股份,sz002320
华英农业,sz002321
理工环科,sz002322
雅百特,sz002323
普利特,sz002324
洪涛股份,sz002325
永太科技,sz002326
富安娜,sz002327
新朋股份,sz002328
皇氏集团,sz002329
得利斯,sz002330
皖通科技,sz002331
仙琚制药,sz002332
罗普斯金,sz002333
英威腾,sz002334
科华恒盛,sz002335
人人乐,sz002336
赛象科技,sz002337
奥普光电,sz002338
积成电子,sz002339
格林美,sz002340
新纶科技,sz002341
巨力索具,sz002342
慈文传媒,sz002343
海宁皮城,sz002344
潮宏基,sz002345
柘中股份,sz002346
泰尔股份,sz002347
高乐股份,sz002348
精华制药,sz002349
北京科锐,sz002350
漫步者,sz002351
顺丰控股,sz002352
杰瑞股份,sz002353
天神娱乐,sz002354
兴民智通,sz002355
赫美集团,sz002356
富临运业,sz002357
森源电气,sz002358
北讯集团,sz002359
同德化工,sz002360
神剑股份,sz002361
汉王科技,sz002362
隆基机械,sz002363
中恒电气,sz002364
永安药业,sz002365
台海核电,sz002366
康力电梯,sz002367
太极股份,sz002368
卓翼科技,sz002369
亚太药业,sz002370
北方华创,sz002371
伟星新材,sz002372
千方科技,sz002373
丽鹏股份,sz002374
亚厦股份,sz002375
新北洋,sz002376
国创高新,sz002377
章源钨业,sz002378
宏创控股,sz002379
科远股份,sz002380
双箭股份,sz002381
蓝帆医疗,sz002382
合众思壮,sz002383
东山精密,sz002384
大北农,sz002385
天原集团,sz002386
黑牛食品,sz002387
新亚制程,sz002388
南洋科技,sz002389
信邦制药,sz002390
长青股份,sz002391
北京利尔,sz002392
力生制药,sz002393
联发股份,sz002394
双象股份,sz002395
星网锐捷,sz002396
梦洁股份,sz002397
建研集团,sz002398
海普瑞,sz002399
省广股份,sz002400
中远海科,sz002401
和而泰,sz002402
爱仕达,sz002403
嘉欣丝绸,sz002404
四维图新,sz002405
远东传动,sz002406
多氟多,sz002407
齐翔腾达,sz002408
雅克科技,sz002409
广联达,sz002410
必康股份,sz002411
汉森制药,sz002412
雷科防务,sz002413
高德红外,sz002414
海康威视,sz002415
爱施德,sz002416
三元达,sz002417
康盛股份,sz002418
天虹股份,sz002419
毅昌股份,sz002420
达实智能,sz002421
科伦药业,sz002422
中原特钢,sz002423
贵州百灵,sz002424
凯撒文化,sz002425
胜利精密,sz002426
尤夫股份,sz002427
云南锗业,sz002428
兆驰股份,sz002429
杭氧股份,sz002430
棕榈股份,sz002431
九安医疗,sz002432
太安堂,sz002433
万里扬,sz002434
长江润发,sz002435
兴森科技,sz002436
誉衡药业,sz002437
江苏神通,sz002438
启明星辰,sz002439
闰土股份,sz002440
众业达,sz002441
龙星化工,sz002442
金洲管道,sz002443
巨星科技,sz002444
中南文化,sz002445
盛路通信,sz002446
壹桥股份,sz002447
中原内配,sz002448
国星光电,sz002449
康得新,sz002450
摩恩电气,sz002451
长高集团,sz002452
天马精化,sz002453
松芝股份,sz002454
百川股份,sz002455
欧菲科技,sz002456
青龙管业,sz002457
益生股份,sz002458
天业通联,sz002459
赣锋锂业,sz002460
珠江啤酒,sz002461
嘉事堂,sz002462
沪电股份,sz002463
众应互联,sz002464
海格通信,sz002465
天齐锂业,sz002466
二六三,sz002467
申通快递,sz002468
三维工程,sz002469
金正大,sz002470
中超控股,sz002471
双环传动,sz002472
*ST圣莱,sz002473
榕基软件,sz002474
立讯精密,sz002475
宝莫股份,sz002476
雏鹰农牧,sz002477
常宝股份,sz002478
富春环保,sz002479
新筑股份,sz002480
双塔食品,sz002481
广田集团,sz002482
润邦股份,sz002483
江海股份,sz002484
希努尔,sz002485
嘉麟杰,sz002486
大金重工,sz002487
金固股份,sz002488
浙江永强,sz002489
*ST墨龙,sz002490
通鼎互联,sz002491
恒基达鑫,sz002492
荣盛石化,sz002493
华斯股份,sz002494
佳隆股份,sz002495
辉丰股份,sz002496
雅化集团,sz002497
汉缆股份,sz002498
科林环保,sz002499
山西证券,sz002500
利源精制,sz002501
骅威文化,sz002502
搜于特,sz002503
*ST弘高,sz002504
大康农业,sz002505
协鑫集成,sz002506
涪陵榨菜,sz002507
老板电器,sz002508
天广中茂,sz002509
天汽模,sz002510
中顺洁柔,sz002511
达华智能,sz002512
蓝丰生化,sz002513
宝馨科技,sz002514
金字火腿,sz002515
旷达科技,sz002516
恺英网络,sz002517
科士达,sz002518
银河电子,sz002519
日发精机,sz002520
齐峰新材,sz002521
浙江众成,sz002522
天桥起重,sz002523
光正集团,sz002524
胜景山河,sz002525
山东矿机,sz002526
新时达,sz002527
英飞拓,sz002528
海源机械,sz002529
金财互联,sz002530
天顺风能,sz002531
新界泵业,sz002532
金杯电工,sz002533
杭锅股份,sz002534
林州重机,sz002535
西泵股份,sz002536
海联金汇,sz002537
司尔特,sz002538
云图控股,sz002539
亚太科技,sz002540
鸿路钢构,sz002541
中化岩土,sz002542
万和电气,sz002543
杰赛科技,sz002544
东方铁塔,sz002545
新联电子,sz002546
春兴精工,sz002547
金新农,sz002548
凯美特气,sz002549
千红制药,sz002550
尚荣医疗,sz002551
宝鼎科技,sz002552
南方轴承,sz002553
惠博普,sz002554
三七互娱,sz002555
辉隆股份,sz002556
洽洽食品,sz002557
巨人网络,sz002558
亚威股份,sz002559
通达股份,sz002560
徐家汇,sz002561
兄弟科技,sz002562
森马服饰,sz002563
天沃科技,sz002564
顺灏股份,sz002565
益盛药业,sz002566
唐人神,sz002567
百润股份,sz002568
步森股份,sz002569
贝因美,sz002570
*ST德力,sz002571
索菲亚,sz002572
清新环境,sz002573
明牌珠宝,sz002574
群兴玩具,sz002575
通达动力,sz002576
雷柏科技,sz002577
闽发铝业,sz002578
中京电子,sz002579
圣阳股份,sz002580
未名医药,sz002581
好想你,sz002582
海能达,sz002583
西陇科学,sz002584
双星新材,sz002585
围海股份,sz002586
奥拓电子,sz002587
史丹利,sz002588
瑞康医药,sz002589
万安科技,sz002590
恒大高新,sz002591
八菱科技,sz002592
日上集团,sz002593
比亚迪,sz002594
豪迈科技,sz002595
海南瑞泽,sz002596
金禾实业,sz002597
山东章鼓,sz002598
盛通股份,sz002599
江粉磁材,sz002600
龙蟒佰利,sz002601
世纪华通,sz002602
以岭药业,sz002603
ST龙力,sz002604
姚记扑克,sz002605
大连电瓷,sz002606
亚夏汽车,sz002607
江苏国信,sz002608
捷顺科技,sz002609
爱康科技,sz002610
东方精工,sz002611
朗姿股份,sz002612
北玻股份,sz002613
奥佳华,sz002614
哈尔斯,sz002615
长青集团,sz002616
露笑科技,sz002617
丹邦科技,sz002618
艾格拉斯,sz002619
瑞和股份,sz002620
三垒股份,sz002621
融钰集团,sz002622
亚玛顿,sz002623
完美世界,sz002624
光启技术,sz002625
金达威,sz002626
宜昌交运,sz002627
成都路桥,sz002628
仁智股份,sz002629
华西能源,sz002630
德尔未来,sz002631
道明光学,sz002632
申科股份,sz002633
棒杰股份,sz002634
安洁科技,sz002635
金安国纪,sz002636
赞宇科技,sz002637
勤上股份,sz002638
雪人股份,sz002639
跨境通,sz002640
永高股份,sz002641
荣之联,sz002642
万润股份,sz002643
佛慈制药,sz002644
华宏科技,sz002645
青青稞酒,sz002646
民盛金科,sz002647
卫星石化,sz002648
博彦科技,sz002649
加加食品,sz002650
利君股份,sz002651
扬子新材,sz002652
海思科,sz002653
万润科技,sz002654
共达电声,sz002655
摩登大道,sz002656
中科金财,sz002657
雪迪龙,sz002658
凯文教育,sz002659
茂硕电源,sz002660
克明面业,sz002661
京威股份,sz002662
普邦股份,sz002663
长鹰信质,sz002664
首航节能,sz002665
德联集团,sz002666
鞍重股份,sz002667
奥马电器,sz002668
康达新材,sz002669
国盛金控,sz002670
龙泉股份,sz002671
东江环保,sz002672
西部证券,sz002673
兴业科技,sz002674
东诚药业,sz002675
顺威股份,sz002676
浙江美大,sz002677
珠江钢琴,sz002678
福建金森,sz002679
长生生物,sz002680
奋达科技,sz002681
龙洲股份,sz002682
宏大爆破,sz002683
猛狮科技,sz002684
华东重机,sz002685
亿利达,sz002686
乔治白,sz002687
金河生物,sz002688
远大智能,sz002689
美亚光电,sz002690
冀凯股份,sz002691
睿康股份,sz002692
双成药业,sz002693
顾地科技,sz002694
煌上煌,sz002695
百洋股份,sz002696
红旗连锁,sz002697
博实股份,sz002698
美盛文化,sz002699
新疆浩源,sz002700
奥瑞金,sz002701
海欣食品,sz002702
浙江世宝,sz002703
新宝股份,sz002705
良信电器,sz002706
众信旅游,sz002707
光洋股份,sz002708
天赐材料,sz002709
慈铭体检,sz002710
欧浦智网,sz002711
思美传媒,sz002712
东易日盛,sz002713
牧原股份,sz002714
登云股份,sz002715
金贵银业,sz002716
岭南园林,sz002717
友邦吊顶,sz002718
麦趣尔,sz002719
宏良股份,sz002720
金一文化,sz002721
金轮股份,sz002722
金莱特,sz002723
海洋王,sz002724
跃岭股份,sz002725
龙大肉食,sz002726
一心堂,sz002727
特一药业,sz002728
好利来,sz002729
电光科技,sz002730
萃华珠宝,sz002731
燕塘乳业,sz002732
雄韬股份,sz002733
利民股份,sz002734
王子新材,sz002735
国信证券,sz002736
葵花药业,sz002737
中矿资源,sz002738
万达电影,sz002739
爱迪尔,sz002740
光华科技,sz002741
三圣股份,sz002742
富煌钢构,sz002743
木林森,sz002745
仙坛股份,sz002746
埃斯顿,sz002747
世龙实业,sz002748
国光股份,sz002749
龙津药业,sz002750
易尚展示,sz002751
昇兴股份,sz002752
永东股份,sz002753
东方新星,sz002755
永兴特钢,sz002756
南兴装备,sz002757
华通医药,sz002758
天际股份,sz002759
凤形股份,sz002760
多喜爱,sz002761
金发拉比,sz002762
汇洁股份,sz002763
蓝黛传动,sz002765
索菱股份,sz002766
先锋电子,sz002767
国恩股份,sz002768
普路通,sz002769
科迪乳业,sz002770
真视通,sz002771
众兴菌业,sz002772
康弘药业,sz002773
快意电梯,sz002774
文科园林,sz002775
柏堡龙,sz002776
久远银海,sz002777
高科石化,sz002778
中坚科技,sz002779
三夫户外,sz002780
奇信股份,sz002781
可立克,sz002782
凯龙股份,sz002783
万里石,sz002785
银宝山新,sz002786
华源控股,sz002787
鹭燕医药,sz002788
建艺集团,sz002789
瑞尔特,sz002790
坚朗五金,sz002791
通宇通讯,sz002792
东音股份,sz002793
永和智控,sz002795
世嘉科技,sz002796
第一创业,sz002797
帝王洁具,sz002798
环球印务,sz002799
天顺股份,sz002800
微光股份,sz002801
洪汇新材,sz002802
吉宏股份,sz002803
丰元股份,sz002805
华锋股份,sz002806
江阴银行,sz002807
苏州恒久,sz002808
红墙股份,sz002809
山东赫达,sz002810
亚泰国际,sz002811
创新股份,sz002812
路畅科技,sz002813
崇达技术,sz002815
和科达,sz002816
黄山胶囊,sz002817
富森美,sz002818
东方中科,sz002819
桂发祥,sz002820
凯莱英,sz002821
中装建设,sz002822
凯中精密,sz002823
和胜股份,sz002824
纳尔股份,sz002825
易明医药,sz002826
高争民爆,sz002827
贝肯能源,sz002828
星网宇达,sz002829
名雕股份,sz002830
裕同科技,sz002831
比音勒芬,sz002832
弘亚数控,sz002833
同为股份,sz002835
新宏泽,sz002836
英维克,sz002837
道恩股份,sz002838
张家港行,sz002839
华统股份,sz002840
视源股份,sz002841
翔鹭钨业,sz002842
泰嘉股份,sz002843
同兴达,sz002845
英联股份,sz002846
盐津铺子,sz002847
高斯贝尔,sz002848
威星智能,sz002849
科达利,sz002850
麦格米特,sz002851
道道全,sz002852
皮阿诺,sz002853
捷荣技术,sz002855
美芝股份,sz002856
三晖电气,sz002857
力盛赛车,sz002858
洁美科技,sz002859
星帅尔,sz002860
瀛通通讯,sz002861
实丰文化,sz002862
今飞凯达,sz002863
盘龙药业,sz002864
钧达股份,sz002865
传艺科技,sz002866
周大生,sz002867
绿康生化,sz002868
金溢科技,sz002869
香山股份,sz002870
伟隆股份,sz002871
天圣制药,sz002872
新天药业,sz002873
安奈儿,sz002875
三利谱,sz002876
智能自控,sz002877
元隆雅图,sz002878
长缆科技,sz002879
卫光生物,sz002880
美格智能,sz002881
金龙羽,sz002882
中设股份,sz002883
凌霄泵业,sz002884
京泉华,sz002885
沃特股份,sz002886
绿茵生态,sz002887
惠威科技,sz002888
东方嘉盛,sz002889
弘宇股份,sz002890
中宠股份,sz002891
科力尔,sz002892
华通热力,sz002893
川恒股份,sz002895
中大力德,sz002896
意华股份,sz002897
赛隆药业,sz002898
英派斯,sz002899
哈三联,sz002900
大博医疗,sz002901
铭普光磁,sz002902
宇环数控,sz002903
金逸影视,sz002905
华阳集团,sz002906
华森制药,sz002907
德生科技,sz002908
集泰股份,sz002909
庄园牧场,sz002910
佛燃股份,sz002911
中新赛克,sz002912
奥士康,sz002913
中欣氟材,sz002915
深南电路,sz002916
金奥博,sz002917
蒙娜丽莎,sz002918
名臣健康,sz002919
德赛西威,sz002920
联诚精密,sz002921
伊戈尔,sz002922
润都股份,sz002923
盈趣科技,sz002925
华西证券,sz002926
特锐德,sz300001
神州泰岳,sz300002
乐普医疗,sz300003
南风股份,sz300004
探路者,sz300005
莱美药业,sz300006
汉威科技,sz300007
天海防务,sz300008
安科生物,sz300009
立思辰,sz300010
鼎汉技术,sz300011
华测检测,sz300012
新宁物流,sz300013
亿纬锂能,sz300014
爱尔眼科,sz300015
北陆药业,sz300016
网宿科技,sz300017
中元股份,sz300018
硅宝科技,sz300019
银江股份,sz300020
大禹节水,sz300021
吉峰农机,sz300022
宝德股份,sz300023
机器人,sz300024
华星创业,sz300025
红日药业,sz300026
华谊兄弟,sz300027
金亚科技,sz300028
天龙光电,sz300029
阳普医疗,sz300030
宝通科技,sz300031
金龙机电,sz300032
同花顺,sz300033
钢研高纳,sz300034
中科电气,sz300035
超图软件,sz300036
新宙邦,sz300037
梅泰诺,sz300038
上海凯宝,sz300039
九洲电气,sz300040
回天新材,sz300041
朗科科技,sz300042
星辉娱乐,sz300043
赛为智能,sz300044
华力创通,sz300045
台基股份,sz300046
天源迪科,sz300047
合康新能,sz300048
福瑞股份,sz300049
世纪鼎利,sz300050
三五互联,sz300051
中青宝,sz300052
欧比特,sz300053
鼎龙股份,sz300054
万邦达,sz300055
三维丝,sz300056
万顺股份,sz300057
蓝色光标,sz300058
东方财富,sz300059
康旗股份,sz300061
中能电气,sz300062
天龙集团,sz300063
豫金刚石,sz300064
海兰信,sz300065
三川智慧,sz300066
安诺其,sz300067
南都电源,sz300068
金利华电,sz300069
碧水源,sz300070
华谊嘉信,sz300071
三聚环保,sz300072
当升科技,sz300073
华平股份,sz300074
数字政通,sz300075
GQY视讯,sz300076
国民技术,sz300077
思创医惠,sz300078
数码科技,sz300079
易成新能,sz300080
恒信东方,sz300081
奥克股份,sz300082
劲胜智能,sz300083
海默科技,sz300084
银之杰,sz300085
康芝药业,sz300086
荃银高科,sz300087
长信科技,sz300088
文化长城,sz300089
盛运环保,sz300090
金通灵,sz300091
科新机电,sz300092
金刚玻璃,sz300093
国联水产,sz300094
华伍股份,sz300095
易联众,sz300096
智云股份,sz300097
高新兴,sz300098
精准信息,sz300099
双林股份,sz300100
振芯科技,sz300101
乾照光电,sz300102
达刚路机,sz300103
乐视网,sz300104
龙源技术,sz300105
西部牧业,sz300106
建新股份,sz300107
吉药控股,sz300108
新开源,sz300109
华仁药业,sz300110
向日葵,sz300111
万讯自控,sz300112
顺网科技,sz300113
中航电测,sz300114
长盈精密,sz300115
坚瑞沃能,sz300116
嘉寓股份,sz300117
东方日升,sz300118
瑞普生物,sz300119
经纬电材,sz300120
阳谷华泰,sz300121
智飞生物,sz300122
亚光科技,sz300123
汇川技术,sz300124
易世达,sz300125
锐奇股份,sz300126
银河磁体,sz300127
锦富技术,sz300128
泰胜风能,sz300129
新国都,sz300130
英唐智控,sz300131
青松股份,sz300132
华策影视,sz300133
大富科技,sz300134
宝利国际,sz300135
信维通信,sz300136
先河环保,sz300137
晨光生物,sz300138
晓程科技,sz300139
中环装备,sz300140
和顺电气,sz300141
沃森生物,sz300142
星普医科,sz300143
宋城演艺,sz300144
中金环境,sz300145
汤臣倍健,sz300146
香雪制药,sz300147
天舟文化,sz300148
量子高科,sz300149
世纪瑞尔,sz300150
昌红科技,sz300151
科融环境,sz300152
科泰电源,sz300153
瑞凌股份,sz300154
安居宝,sz300155
神雾环保,sz300156
恒泰艾普,sz300157
振东制药,sz300158
新研股份,sz300159
秀强股份,sz300160
华中数控,sz300161
雷曼股份,sz300162
先锋新材,sz300163
通源石油,sz300164
天瑞仪器,sz300165
东方国信,sz300166
迪威迅,sz300167
万达信息,sz300168
天晟新材,sz300169
汉得信息,sz300170
东富龙,sz300171
中电环保,sz300172
智慧松德,sz300173
元力股份,sz300174
朗源股份,sz300175
鸿特精密,sz300176
中海达,sz300177
腾邦国际,sz300178
四方达,sz300179
华峰超纤,sz300180
佐力药业,sz300181
捷成股份,sz300182
东软载波,sz300183
力源信息,sz300184
通裕重工,sz300185
永清环保,sz300187
美亚柏科,sz300188
神农基因,sz300189
维尔利,sz300190
潜能恒信,sz300191
科斯伍德,sz300192
佳士科技,sz300193
福安药业,sz300194
长荣股份,sz300195
长海股份,sz300196
铁汉生态,sz300197
纳川股份,sz300198
翰宇药业,sz300199
高盟新材,sz300200
海伦哲,sz300201
聚龙股份,sz300202
聚光科技,sz300203
舒泰神,sz300204
天喻信息,sz300205
理邦仪器,sz300206
欣旺达,sz300207
恒顺众昇,sz300208
天泽信息,sz300209
森远股份,sz300210
亿通科技,sz300211
易华录,sz300212
佳讯飞鸿,sz300213
日科化学,sz300214
电科院,sz300215
千山药机,sz300216
东方电热,sz300217
安利股份,sz300218
鸿利智汇,sz300219
金运激光,sz300220
银禧科技,sz300221
科大智能,sz300222
北京君正,sz300223
正海磁材,sz300224
金力泰,sz300225
上海钢联,sz300226
光韵达,sz300227
富瑞特装,sz300228
拓尔思,sz300229
永利股份,sz300230
银信科技,sz300231
洲明科技,sz300232
金城医药,sz300233
开尔新材,sz300234
方直科技,sz300235
上海新阳,sz300236
美晨生态,sz300237
冠昊生物,sz300238
东宝生物,sz300239
飞力达,sz300240
瑞丰光电,sz300241
明家联合,sz300242
瑞丰高材,sz300243
迪安诊断,sz300244
天玑科技,sz300245
宝莱特,sz300246
乐金健康,sz300247
新开普,sz300248
依米康,sz300249
初灵信息,sz300250
光线传媒,sz300251
金信诺,sz300252
卫宁健康,sz300253
仟源医药,sz300254
常山药业,sz300255
星星科技,sz300256
开山股份,sz300257
精锻科技,sz300258
新天科技,sz300259
新莱应材,sz300260
雅本化学,sz300261
巴安水务,sz300262
隆华节能,sz300263
佳创视讯,sz300264
通光线缆,sz300265
兴源环境,sz300266
尔康制药,sz300267
佳沃股份,sz300268
联建光电,sz300269
中威电子,sz300270
华宇软件,sz300271
开能环保,sz300272
和佳股份,sz300273
阳光电源,sz300274
梅安森,sz300275
三丰智能,sz300276
海联讯,sz300277
华昌达,sz300278
和晶科技,sz300279
南通锻压,sz300280
金明精机,sz300281
汇冠股份,sz300282
温州宏丰,sz300283
苏交科,sz300284
国瓷材料,sz300285
安科瑞,sz300286
飞利信,sz300287
朗玛信息,sz300288
利德曼,sz300289
荣科科技,sz300290
华录百纳,sz300291
吴通控股,sz300292
蓝英装备,sz300293
博雅生物,sz300294
三六五网,sz300295
利亚德,sz300296
蓝盾股份,sz300297
三诺生物,sz300298
富春股份,sz300299
汉鼎宇佑,sz300300
长方集团,sz300301
同有科技,sz300302
聚飞光电,sz300303
云意电气,sz300304
裕兴股份,sz300305
远方信息,sz300306
慈星股份,sz300307
中际旭创,sz300308
吉艾科技,sz300309
宜通世纪,sz300310
任子行,sz300311
邦讯技术,sz300312
天山生物,sz300313
戴维医疗,sz300314
掌趣科技,sz300315
晶盛机电,sz300316
珈伟股份,sz300317
博晖创新,sz300318
麦捷科技,sz300319
海达股份,sz300320
同大股份,sz300321
硕贝德,sz300322
华灿光电,sz300323
旋极信息,sz300324
德威新材,sz300325
凯利泰,sz300326
中颖电子,sz300327
宜安科技,sz300328
海伦钢琴,sz300329
华虹计通,sz300330
苏大维格,sz300331
天壕环境,sz300332
兆日科技,sz300333
津膜科技,sz300334
迪森股份,sz300335
新文化,sz300336
银邦股份,sz300337
开元股份,sz300338
润和软件,sz300339
科恒股份,sz300340
麦迪电气,sz300341
天银机电,sz300342
联创互联,sz300343
太空板业,sz300344
红宇新材,sz300345
南大光电,sz300346
泰格医药,sz300347
长亮科技,sz300348
金卡智能,sz300349
华鹏飞,sz300350
永贵电器,sz300351
北信源,sz300352
东土科技,sz300353
东华测试,sz300354
蒙草生态,sz300355
光一科技,sz300356
我武生物,sz300357
楚天科技,sz300358
全通教育,sz300359
炬华科技,sz300360
奥赛康,sz300361
天翔环境,sz300362
博腾股份,sz300363
中文在线,sz300364
恒华科技,sz300365
创意信息,sz300366
东方网力,sz300367
汇金股份,sz300368
绿盟科技,sz300369
安控科技,sz300370
汇中股份,sz300371
扬杰科技,sz300373
恒通科技,sz300374
鹏翎股份,sz300375
易事特,sz300376
赢时胜,sz300377
鼎捷软件,sz300378
东方通,sz300379
安硕信息,sz300380
溢多利,sz300381
斯莱克,sz300382
光环新网,sz300383
三联虹普,sz300384
雪浪环境,sz300385
飞天诚信,sz300386
富邦股份,sz300387
国祯环保,sz300388
艾比森,sz300389
天华超净,sz300390
康跃科技,sz300391
腾信股份,sz300392
中来股份,sz300393
天孚通信,sz300394
菲利华,sz300395
迪瑞医疗,sz300396
天和防务,sz300397
飞凯材料,sz300398
京天利,sz300399
劲拓股份,sz300400
花园生物,sz300401
宝色股份,sz300402
地尔汉宇,sz300403
博济医药,sz300404
科隆股份,sz300405
九强生物,sz300406
凯发电气,sz300407
三环集团,sz300408
道氏技术,sz300409
正业科技,sz300410
金盾股份,sz300411
迦南科技,sz300412
快乐购,sz300413
中光防雷,sz300414
伊之密,sz300415
苏试试验,sz300416
南华仪器,sz300417
昆仑万维,sz300418
浩丰科技,sz300419
五洋科技,sz300420
力星股份,sz300421
博世科,sz300422
鲁亿通,sz300423
航新科技,sz300424
环能科技,sz300425
唐德影视,sz300426
红相电力,sz300427
四通新材,sz300428
强力新材,sz300429
诚益通,sz300430
暴风集团,sz300431
富临精工,sz300432
蓝思科技,sz300433
金石东方,sz300434
中泰股份,sz300435
广生堂,sz300436
清水源,sz300437
鹏辉能源,sz300438
美康生物,sz300439
运达科技,sz300440
鲍斯股份,sz300441
普丽盛,sz300442
金雷风电,sz300443
双杰电气,sz300444
康斯特,sz300445
乐凯新材,sz300446
全信股份,sz300447
浩云科技,sz300448
汉邦高科,sz300449
先导智能,sz300450
创业软件,sz300451
山河药辅,sz300452
三鑫医疗,sz300453
康拓红外,sz300455
耐威科技,sz300456
赢合科技,sz300457
全志科技,sz300458
金科文化,sz300459
惠伦晶体,sz300460
田中精机,sz300461
华铭智能,sz300462
迈克生物,sz300463
星徽精密,sz300464
高伟达,sz300465
赛摩电气,sz300466
迅游科技,sz300467
四方精创,sz300468
信息发展,sz300469
日机密封,sz300470
厚普股份,sz300471
新元科技,sz300472
德尔股份,sz300473
景嘉微,sz300474
聚隆科技,sz300475
胜宏科技,sz300476
合纵科技,sz300477
杭州高新,sz300478
神思电子,sz300479
光力科技,sz300480
濮阳惠成,sz300481
万孚生物,sz300482
沃施股份,sz300483
蓝海华腾,sz300484
赛升药业,sz300485
东杰智能,sz300486
蓝晓科技,sz300487
恒锋工具,sz300488
中飞股份,sz300489
华自科技,sz300490
通合科技,sz300491
山鼎设计,sz300492
润欣科技,sz300493
盛天网络,sz300494
美尚生态,sz300495
中科创达,sz300496
富祥股份,sz300497
温氏股份,sz300498
高澜股份,sz300499
启迪设计,sz300500
海顺新材,sz300501
新易盛,sz300502
昊志机电,sz300503
川金诺,sz300505
名家汇,sz300506
苏奥传感,sz300507
维宏股份,sz300508
新美星,sz300509
金冠电气,sz300510
雪榕生物,sz300511
中亚股份,sz300512
恒泰实达,sz300513
友讯达,sz300514
三德科技,sz300515
久之洋,sz300516
海波重科,sz300517
盛讯达,sz300518
新光药业,sz300519
科大国创,sz300520
爱司凯,sz300521
世名科技,sz300522
辰安科技,sz300523
博思软件,sz300525
中潜股份,sz300526
华舟应急,sz300527
幸福蓝海,sz300528
健帆生物,sz300529
达志科技,sz300530
优博讯,sz300531
今天国际,sz300532
冰川网络,sz300533
陇神戎发,sz300534
达威股份,sz300535
农尚环境,sz300536
广信材料,sz300537
同益股份,sz300538
横河模具,sz300539
深冷股份,sz300540
先进数通,sz300541
新晨科技,sz300542
朗科智能,sz300543
联得装备,sz300545
雄帝科技,sz300546
川环科技,sz300547
博创科技,sz300548
优德精密,sz300549
和仁科技,sz300550
古鳌科技,sz300551
万集科技,sz300552
集智股份,sz300553
三超新材,sz300554
路通视信,sz300555
丝路视觉,sz300556
理工光科,sz300557
贝达药业,sz300558
佳发安泰,sz300559
中富通,sz300560
汇金科技,sz300561
乐心医疗,sz300562
神宇股份,sz300563
科信技术,sz300565
激智科技,sz300566
精测电子,sz300567
星源材质,sz300568
天能重工,sz300569
太辰光,sz300570
平治信息,sz300571
安车检测,sz300572
兴齐眼药,sz300573
中旗股份,sz300575
容大感光,sz300576
开润股份,sz300577
会畅通讯,sz300578
数字认证,sz300579
贝斯特,sz300580
晨曦航空,sz300581
英飞特,sz300582
赛托生物,sz300583
海辰药业,sz300584
奥联电子,sz300585
美联新材,sz300586
天铁股份,sz300587
熙菱信息,sz300588
江龙船艇,sz300589
移为通信,sz300590
万里马,sz300591
华凯创意,sz300592
新雷能,sz300593
欧普康视,sz300595
利安隆,sz300596
吉大通信,sz300597
诚迈科技,sz300598
雄塑科技,sz300599
瑞特股份,sz300600
康泰生物,sz300601
飞荣达,sz300602
立昂技术,sz300603
长川科技,sz300604
恒锋信息,sz300605
金太阳,sz300606
拓斯达,sz300607
思特奇,sz300608
汇纳科技,sz300609
晨化股份,sz300610
美力科技,sz300611
宣亚国际,sz300612
富瀚微,sz300613
欣天科技,sz300615
尚品宅配,sz300616
安靠智电,sz300617
寒锐钴业,sz300618
金银河,sz300619
光库科技,sz300620
维业股份,sz300621
博士眼镜,sz300622
捷捷微电,sz300623
万兴科技,sz300624
三雄极光,sz300625
华瑞股份,sz300626
华测导航,sz300627
亿联网络,sz300628
新劲刚,sz300629
普利制药,sz300630
久吾高科,sz300631
光莆股份,sz300632
开立医疗,sz300633
达安股份,sz300635
同和药业,sz300636
扬帆新材,sz300637
广和通,sz300638
凯普生物,sz300639
德艺文创,sz300640
正丹股份,sz300641
透景生命,sz300642
万通智控,sz300643
南京聚隆,sz300644
正元智慧,sz300645
侨源气体,sz300646
超频三,sz300647
星云股份,sz300648
杭州园林,sz300649
太龙照明,sz300650
金陵体育,sz300651
雷迪克,sz300652
正海生物,sz300653
世纪天鸿,sz300654
晶瑞股份,sz300655
民德电子,sz300656
弘信电子,sz300657
延江股份,sz300658
中孚信息,sz300659
江苏雷利,sz300660
圣邦股份,sz300661
科锐国际,sz300662
科蓝软件,sz300663
鹏鹞环保,sz300664
飞鹿股份,sz300665
江丰电子,sz300666
必创科技,sz300667
杰恩设计,sz300668
沪宁股份,sz300669
大烨智能,sz300670
富满电子,sz300671
国科微,sz300672
佩蒂股份,sz300673
建科院,sz300675
华大基因,sz300676
英科医疗,sz300677
中科信息,sz300678
电连技术,sz300679
隆盛科技,sz300680
英搏尔,sz300681
朗新科技,sz300682
海特生物,sz300683
中石科技,sz300684
艾德生物,sz300685
智动力,sz300686
赛意信息,sz300687
创业黑马,sz300688
澄天伟业,sz300689
双一科技,sz300690
联合光电,sz300691
中环环保,sz300692
盛弘股份,sz300693
兆丰股份,sz300695
爱乐达,sz300696
电工合金,sz300697
万马科技,sz300698
光威复材,sz300699
岱勒新材,sz300700
森霸股份,sz300701
天宇股份,sz300702
创源文化,sz300703
九典制药,sz300705
阿石创,sz300706
威唐工业,sz300707
聚灿光电,sz300708
精研科技,sz300709
万隆光电,sz300710
广哈通信,sz300711
永福股份,sz300712
英可瑞,sz300713
凯伦股份,sz300715
国立科技,sz300716
华信新材,sz300717
长盛轴承,sz300718
安达维尔,sz300719
海川智能,sz300720
怡达股份,sz300721
新余国科,sz300722
一品红,sz300723
药石科技,sz300725
宏达电子,sz300726
润禾材料,sz300727
天常股份,sz300728
乐歌股份,sz300729
科创信息,sz300730
科创新源,sz300731
设研院,sz300732
西菱动力,sz300733
光弘科技,sz300735
百华悦邦,sz300736
科顺股份,sz300737
奥飞数据,sz300738
明阳电路,sz300739
御家汇,sz300740
浦发银行,sh600000
白云机场,sh600004
东风汽车,sh600006
中国国贸,sh600007
首创股份,sh600008
上海机场,sh600009
包钢股份,sh600010
华能国际,sh600011
皖通高速,sh600012
华夏银行,sh600015
民生银行,sh600016
日照港,sh600017
上港集团,sh600018
宝钢股份,sh600019
中原高速,sh600020
上海电力,sh600021
山东钢铁,sh600022
浙能电力,sh600023
华能水电,sh600025
中远海能,sh600026
华电国际,sh600027
中国石化,sh600028
南方航空,sh600029
中信证券,sh600030
三一重工,sh600031
福建高速,sh600033
楚天高速,sh600035
招商银行,sh600036
歌华有线,sh600037
中直股份,sh600038
四川路桥,sh600039
保利地产,sh600048
中国联通,sh600050
宁波联合,sh600051
浙江广厦,sh600052
九鼎投资,sh600053
黄山旅游,sh600054
万东医疗,sh600055
中国医药,sh600056
象屿股份,sh600057
五矿发展,sh600058
古越龙山,sh600059
海信电器,sh600060
国投资本,sh600061
华润双鹤,sh600062
皖维高新,sh600063
南京高科,sh600064
宇通客车,sh600066
冠城大通,sh600067
葛洲坝,sh600068
银鸽投资,sh600069
浙江富润,sh600070
凤凰光学,sh600071
中船科技,sh600072
上海梅林,sh600073
ST保千里,sh600074
新疆天业,sh600075
康欣新材,sh600076
宋都股份,sh600077
澄星股份,sh600078
人福医药,sh600079
金花股份,sh600080
东风科技,sh600081
海泰发展,sh600082
博信股份,sh600083
中葡股份,sh600084
同仁堂,sh600085
东方金钰,sh600086
中视传媒,sh600088
特变电工,sh600089
同济堂,sh600090
ST明科,sh600091
易见股份,sh600093
大名城,sh600094
哈高科,sh600095
云天化,sh600096
开创国际,sh600097
广州发展,sh600098
林海股份,sh600099
同方股份,sh600100
明星电力,sh600101
青山纸业,sh600103
上汽集团,sh600104
永鼎股份,sh600105
重庆路桥,sh600106
美尔雅,sh600107
亚盛集团,sh600108
国金证券,sh600109
诺德股份,sh600110
北方稀土,sh600111
*ST天成,sh600112
浙江东日,sh600113
东睦股份,sh600114
东方航空,sh600115
三峡水利,sh600116
西宁特钢,sh600117
中国卫星,sh600118
长江投资,sh600119
浙江东方,sh600120
*ST郑煤,sh600121
宏图高科,sh600122
兰花科创,sh600123
铁龙物流,sh600125
杭钢股份,sh600126
金健米业,sh600127
弘业股份,sh600128
太极集团,sh600129
波导股份,sh600130
岷江水电,sh600131
重庆啤酒,sh600132
东湖高新,sh600133
乐凯胶片,sh600135
当代明诚,sh600136
浪莎股份,sh600137
中青旅,sh600138
西部资源,sh600139
兴发集团,sh600141
金发科技,sh600143
*ST新亿,sh600145
商赢环球,sh600146
长春一东,sh600148
*ST坊展,sh600149
中国船舶,sh600150
航天机电,sh600151
维科精华,sh600152
建发股份,sh600153
宝硕股份,sh600155
华升股份,sh600156
永泰能源,sh600157
中体产业,sh600158
大龙地产,sh600159
巨化股份,sh600160
天坛生物,sh600161
香江控股,sh600162
中闽能源,sh600163
新日恒力,sh600165
福田汽车,sh600166
联美控股,sh600167
武汉控股,sh600168
太原重工,sh600169
上海建工,sh600170
上海贝岭,sh600171
黄河旋风,sh600172
卧龙地产,sh600173
美都能源,sh600175
中国巨石,sh600176
雅戈尔,sh600177
东安动力,sh600178
安通控股,sh600179
瑞茂通,sh600180
S佳通,sh600182
生益科技,sh600183
光电股份,sh600184
格力地产,sh600185
莲花健康,sh600186
国中水务,sh600187
兖州煤业,sh600188
吉林森工,sh600189
锦州港,sh600190
华资实业,sh600191
长城电工,sh600192
创兴资源,sh600193
中牧股份,sh600195
复星医药,sh600196
伊力特,sh600197
大唐电信,sh600198
金种子酒,sh600199
江苏吴中,sh600200
生物股份,sh600201
哈空调,sh600202
福日电子,sh600203
有研新材,sh600206
安彩高科,sh600207
新湖中宝,sh600208
罗顿发展,sh600209
紫江企业,sh600210
西藏药业,sh600211
江泉实业,sh600212
亚星客车,sh600213
长春经开,sh600215
浙江医药,sh600216
中再资环,sh600217
全柴动力,sh600218
南山铝业,sh600219
江苏阳光,sh600220
海航控股,sh600221
太龙药业,sh600222
鲁商置业,sh600223
*ST松江,sh600225
瀚叶股份,sh600226
赤天化,sh600227
*ST昌九,sh600228
城市传媒,sh600229
沧州大化,sh600230
凌钢股份,sh600231
金鹰股份,sh600232
圆通速递,sh600233
ST山水,sh600234
民丰特纸,sh600235
桂冠电力,sh600236
铜峰电子,sh600237
海南椰岛,sh600238
云南城投,sh600239
华业资本,sh600240
时代万恒,sh600241
中昌数据,sh600242
青海华鼎,sh600243
万通地产,sh600246
ST成城,sh600247
延长化建,sh600248
两面针,sh600249
南纺股份,sh600250
冠农股份,sh600251
中恒集团,sh600252
梦舟股份,sh600255
广汇能源,sh600256
大湖股份,sh600257
首旅酒店,sh600258
广晟有色,sh600259
凯乐科技,sh600260
阳光照明,sh600261
北方股份,sh600262
ST景谷,sh600265
北京城建,sh600266
海正药业,sh600267
国电南自,sh600268
赣粤高速,sh600269
外运发展,sh600270
航天信息,sh600271
开开实业,sh600272
嘉化能源,sh600273
*ST昌鱼,sh600275
恒瑞医药,sh600276
亿利洁能,sh600277
东方创业,sh600278
重庆港九,sh600279
中央商场,sh600280
太化股份,sh600281
南钢股份,sh600282
钱江水利,sh600283
浦东建设,sh600284
羚锐制药,sh600285
江苏舜天,sh600287
大恒科技,sh600288
ST信通,sh600289
华仪电气,sh600290
西水股份,sh600291
远达环保,sh600292
三峡新材,sh600293
鄂尔多斯,sh600295
广汇汽车,sh600297
安琪酵母,sh600298
安迪苏,sh600299
维维股份,sh600300
ST南化,sh600301
标准股份,sh600302
曙光股份,sh600303
恒顺醋业,sh600305
商业城,sh600306
酒钢宏兴,sh600307
华泰股份,sh600308
万华化学,sh600309
桂东电力,sh600310
荣华实业,sh600311
平高电气,sh600312
农发种业,sh600313
上海家化,sh600315
洪都航空,sh600316
营口港,sh600317
新力金融,sh600318
亚星化学,sh600319
振华重工,sh600320
正源股份,sh600321
天房发展,sh600322
瀚蓝环境,sh600323
华发股份,sh600325
西藏天路,sh600326
大东方,sh600327
兰太实业,sh600328
中新药业,sh600329
天通股份,sh600330
宏达股份,sh600331
白云山,sh600332
长春燃气,sh600333
国机汽车,sh600335
澳柯玛,sh600336
美克家居,sh600337
西藏珠峰,sh600338
中油工程,sh600339
华夏幸福,sh600340
航天动力,sh600343
长江通信,sh600345
恒力股份,sh600346
阳泉煤业,sh600348
山东高速,sh600350
亚宝药业,sh600351
浙江龙盛,sh600352
旭光股份,sh600353
敦煌种业,sh600354
精伦电子,sh600355
恒丰纸业,sh600356
国旅联合,sh600358
新农开发,sh600359
华微电子,sh600360
华联综超,sh600361
江西铜业,sh600362
联创光电,sh600363
通葡股份,sh600365
宁波韵升,sh600366
红星发展,sh600367
五洲交通,sh600368
西南证券,sh600369
三房巷,sh600370
万向德农,sh600371
中航电子,sh600372
中文传媒,sh600373
华菱星马,sh600375
首开股份,sh600376
宁沪高速,sh600377
天科股份,sh600378
宝光股份,sh600379
健康元,sh600380
青海春天,sh600381
广东明珠,sh600382
金地集团,sh600383
山东金泰,sh600385
北巴传媒,sh600386
海越股份,sh600387
龙净环保,sh600388
江山股份,sh600389
五矿资本,sh600390
航发科技,sh600391
盛和资源,sh600392
粤泰股份,sh600393
盘江股份,sh600395
金山股份,sh600396
安源煤业,sh600397
海澜之家,sh600398
抚顺特钢,sh600399
红豆股份,sh600400
*ST海润,sh600401
*ST大有,sh600403
动力源,sh600405
国电南瑞,sh600406
安泰集团,sh600408
三友化工,sh600409
华胜天成,sh600410
小商品城,sh600415
湘电股份,sh600416
江淮汽车,sh600418
天润乳业,sh600419
现代制药,sh600420
ST仰帆,sh600421
昆药集团,sh600422
*ST柳化,sh600423
*ST青松,sh600425
华鲁恒升,sh600426
中远海特,sh600428
三元股份,sh600429
*ST吉恩,sh600432
冠豪高新,sh600433
北方导航,sh600435
片仔癀,sh600436
通威股份,sh600438
瑞贝卡,sh600439
国机通用,sh600444
金证股份,sh600446
华纺股份,sh600448
宁夏建材,sh600449
涪陵电力,sh600452
博通股份,sh600455
宝钛股份,sh600456
时代新材,sh600458
贵研铂业,sh600459
士兰微,sh600460
洪城水业,sh600461
九有股份,sh600462
空港股份,sh600463
蓝光发展,sh600466
好当家,sh600467
百利电气,sh600468
风神股份,sh600469
六国化工,sh600470
华光股份,sh600475
湘邮科技,sh600476
杭萧钢构,sh600477
科力远,sh600478
千金药业,sh600479
凌云股份,sh600480
双良节能,sh600481
中国动力,sh600482
福能股份,sh600483
信威集团,sh600485
扬农化工,sh600486
亨通光电,sh600487
天药股份,sh600488
中金黄金,sh600489
鹏欣资源,sh600490
龙元建设,sh600491
凤竹纺织,sh600493
晋西车轴,sh600495
精工钢构,sh600496
驰宏锌锗,sh600497
烽火通信,sh600498
科达洁能,sh600499
中化国际,sh600500
航天晨光,sh600501
安徽水利,sh600502
华丽家族,sh600503
西昌电力,sh600505
香梨股份,sh600506
方大特钢,sh600507
上海能源,sh600508
天富能源,sh600509
黑牡丹,sh600510
国药股份,sh600511
腾达建设,sh600512
联环药业,sh600513
海航基础,sh600515
方大炭素,sh600516
置信电气,sh600517
康美药业,sh600518
贵州茅台,sh600519
文一科技,sh600520
华海药业,sh600521
中天科技,sh600522
贵航股份,sh600523
长园集团,sh600525
菲达环保,sh600526
江南高纤,sh600527
中铁工业,sh600528
山东药玻,sh600529
交大昂立,sh600530
豫光金铅,sh600531
宏达矿业,sh600532
栖霞建设,sh600533
天士力,sh600535
中国软件,sh600536
亿晶光电,sh600537
国发股份,sh600538
狮头股份,sh600539
*ST新赛,sh600540
莫高股份,sh600543
卓郎智能,sh600545
山煤国际,sh600546
山东黄金,sh600547
深高速,sh600548
厦门钨业,sh600549
保变电气,sh600550
时代出版,sh600551
凯盛科技,sh600552
海航创新,sh600555
ST慧球,sh600556
康缘药业,sh600557
大西洋,sh600558
老白干酒,sh600559
金自天正,sh600560
江西长运,sh600561
国睿科技,sh600562
法拉电子,sh600563
迪马股份,sh600565
济川药业,sh600566
山鹰纸业,sh600567
中珠医疗,sh600568
安阳钢铁,sh600569
恒生电子,sh600570
信雅达,sh600571
康恩贝,sh600572
惠泉啤酒,sh600573
皖江物流,sh600575
祥源文化,sh600576
精达股份,sh600577
京能电力,sh600578
天华院,sh600579
卧龙电气,sh600580
八一钢铁,sh600581
天地科技,sh600582
海油工程,sh600583
长电科技,sh600584
海螺水泥,sh600585
金晶科技,sh600586
新华医疗,sh600587
用友网络,sh600588
广东榕泰,sh600589
泰豪科技,sh600590
龙溪股份,sh600592
大连圣亚,sh600593
益佰制药,sh600594
中孚实业,sh600595
新安股份,sh600596
光明乳业,sh600597
北大荒,sh600598
熊猫金控,sh600599
青岛啤酒,sh600600
方正科技,sh600601
云赛智联,sh600602
广汇物流,sh600603
市北高新,sh600604
汇通能源,sh600605
绿地控股,sh600606
*ST沪科,sh600608
金杯汽车,sh600609
中毅达,sh600610
大众交通,sh600611
老凤祥,sh600612
神奇制药,sh600613
鹏起科技,sh600614
丰华股份,sh600615
金枫酒业,sh600616
国新能源,sh600617
氯碱化工,sh600618
海立股份,sh600619
天宸股份,sh600620
华鑫股份,sh600621
光大嘉宝,sh600622
华谊集团,sh600623
复旦复华,sh600624
申达股份,sh600626
新世界,sh600628
华建集团,sh600629
龙头股份,sh600630
浙数文化,sh600633
富控互动,sh600634
大众公用,sh600635
*ST爱富,sh600636
东方明珠,sh600637
新黄浦,sh600638
浦东金桥,sh600639
号百控股,sh600640
万业企业,sh600641
申能股份,sh600642
爱建集团,sh600643
乐山电力,sh600644
中源协和,sh600645
同达创业,sh600647
外高桥,sh600648
城投控股,sh600649
锦江投资,sh600650
飞乐音响,sh600651
游久游戏,sh600652
申华控股,sh600653
*ST中安,sh600654
豫园股份,sh600655
信达地产,sh600657
电子城,sh600658
福耀玻璃,sh600660
新南洋,sh600661
强生控股,sh600662
陆家嘴,sh600663
哈药股份,sh600664
天地源,sh600665
奥瑞德,sh600666
太极实业,sh600667
尖峰集团,sh600668
天目药业,sh600671
东阳光科,sh600673
川投能源,sh600674
中华企业,sh600675
交运股份,sh600676
航天通信,sh600677
四川金顶,sh600678
上海凤凰,sh600679
*ST上普,sh600680
百川能源,sh600681
南京新百,sh600682
京投发展,sh600683
珠江实业,sh600684
中船防务,sh600685
金龙汽车,sh600686
刚泰控股,sh600687
上海石化,sh600688
上海三毛,sh600689
青岛海尔,sh600690
阳煤化工,sh600691
亚通股份,sh600692
东百集团,sh600693
大商股份,sh600694
绿庭投资,sh600695
*ST匹凸,sh600696
欧亚集团,sh600697
湖南天雁,sh600698
均胜电子,sh600699
工大高新,sh600701
沱牌舍得,sh600702
三安光电,sh600703
物产中大,sh600704
中航资本,sh600705
曲江文旅,sh600706
彩虹股份,sh600707
光明地产,sh600708
ST常林,sh600710
盛屯矿业,sh600711
南宁百货,sh600712
南京医药,sh600713
金瑞矿业,sh600714
文投控股,sh600715
凤凰股份,sh600716
天津港,sh600717
东软集团,sh600718
大连热电,sh600719
祁连山,sh600720
百花村,sh600721
金牛化工,sh600722
首商股份,sh600723
宁波富达,sh600724
ST云维,sh600725
华电能源,sh600726
鲁北化工,sh600727
佳都科技,sh600728
重庆百货,sh600729
中国高科,sh600730
湖南海利,sh600731
ST新梅,sh600732
S*ST前锋,sh600733
实达集团,sh600734
新华锦,sh600735
苏州高新,sh600736
中粮糖业,sh600737
兰州民百,sh600738
辽宁成大,sh600739
山西焦化,sh600740
华域汽车,sh600741
一汽富维,sh600742
华远地产,sh600743
华银电力,sh600744
闻泰科技,sh600745
江苏索普,sh600746
*ST大控,sh600747
上实发展,sh600748
西藏旅游,sh600749
江中药业,sh600750
天海投资,sh600751
东方银星,sh600753
锦江股份,sh600754
厦门国贸,sh600755
浪潮软件,sh600756
长江传媒,sh600757
红阳能源,sh600758
洲际油气,sh600759
中航沈飞,sh600760
安徽合力,sh600761
通策医疗,sh600763
中电广通,sh600764
中航重机,sh600765
园城黄金,sh600766
*ST运盛,sh600767
宁波富邦,sh600768
祥龙电业,sh600769
综艺股份,sh600770
广誉远,sh600771
西藏城投,sh600773
汉商集团,sh600774
南京熊猫,sh600775
东方通信,sh600776
新潮能源,sh600777
友好集团,sh600778
水井坊,sh600779
通宝能源,sh600780
辅仁药业,sh600781
新钢股份,sh600782
鲁信创投,sh600783
鲁银投资,sh600784
新华百货,sh600785
中储股份,sh600787
鲁抗医药,sh600789
轻纺城,sh600790
京能置业,sh600791
云煤能源,sh600792
宜宾纸业,sh600793
保税科技,sh600794
国电电力,sh600795
钱江生化,sh600796
浙大网新,sh600797
宁波海运,sh600798
天津磁卡,sh600800
华新水泥,sh600801
福建水泥,sh600802
新奥股份,sh600803
鹏博士,sh600804
悦达投资,sh600805
*ST昆机,sh600806
天业股份,sh600807
马钢股份,sh600808
山西汾酒,sh600809
神马股份,sh600810
东方集团,sh600811
华北制药,sh600812
杭州解百,sh600814
*ST厦工,sh600815
安信信托,sh600816
*ST宏盛,sh600817
中路股份,sh600818
耀皮玻璃,sh600819
隧道股份,sh600820
津劝业,sh600821
上海物贸,sh600822
世茂股份,sh600823
益民集团,sh600824
新华传媒,sh600825
兰生股份,sh600826
百联股份,sh600827
茂业商业,sh600828
人民同泰,sh600829
香溢融通,sh600830
广电网络,sh600831
第一医药,sh600833
申通地铁,sh600834
上海机电,sh600835
界龙实业,sh600836
海通证券,sh600837
上海九百,sh600838
四川长虹,sh600839
上柴股份,sh600841
上工申贝,sh600843
*ST丹科,sh600844
宝信软件,sh600845
同济科技,sh600846
*ST万里,sh600847
上海临港,sh600848
华东电脑,sh600850
海欣股份,sh600851
龙建股份,sh600853
春兰股份,sh600854
航天长峰,sh600855
中天能源,sh600856
宁波中百,sh600857
银座股份,sh600858
王府井,sh600859
*ST京城,sh600860
北京城乡,sh600861
中航高科,sh600862
内蒙华电,sh600863
哈投股份,sh600864
百大集团,sh600865
星湖科技,sh600866
通化东宝,sh600867
梅雁吉祥,sh600868
智慧能源,sh600869
厦华电子,sh600870
石化油服,sh600871
中炬高新,sh600872
梅花生物,sh600873
创业环保,sh600874
东方电气,sh600875
洛阳玻璃,sh600876
*ST嘉陵,sh600877
航天电子,sh600879
博瑞传播,sh600880
亚泰集团,sh600881
广泽股份,sh600882
博闻科技,sh600883
杉杉股份,sh600884
宏发股份,sh600885
国投电力,sh600886
伊利股份,sh600887
新疆众和,sh600888
南京化纤,sh600889
中房股份,sh600890
秋林集团,sh600891
大晟文化,sh600892
航发动力,sh600893
广日股份,sh600894
张江高科,sh600895
览海投资,sh600896
厦门空港,sh600897
国美通讯,sh600898
长江电力,sh600900
贵州燃气,sh600903
无锡银行,sh600908
华安证券,sh600909
重庆燃气,sh600917
江苏银行,sh600919
杭州银行,sh600926
爱柯迪,sh600933
广西广电,sh600936
重庆建工,sh600939
东方证券,sh600958
江苏有线,sh600959
渤海活塞,sh600960
株冶集团,sh600961
国投中鲁,sh600962
岳阳林纸,sh600963
福成股份,sh600965
博汇纸业,sh600966
内蒙一机,sh600967
郴电国际,sh600969
中材国际,sh600970
恒源煤电,sh600971
宝胜股份,sh600973
新五丰,sh600975
健民集团,sh600976
中国电影,sh600977
宜华生活,sh600978
广安爱众,sh600979
北矿科技,sh600980
汇鸿集团,sh600981
宁波热电,sh600982
惠而浦,sh600983
建设机械,sh600984
雷鸣科化,sh600985
科达股份,sh600986
航民股份,sh600987
赤峰黄金,sh600988
四创电子,sh600990
贵绳股份,sh600992
马应龙,sh600993
文山电力,sh600995
贵广网络,sh600996
开滦股份,sh600997
九州通,sh600998
招商证券,sh600999
唐山港,sh601000
大同煤业,sh601001
晋亿实业,sh601002
柳钢股份,sh601003
*ST重钢,sh601005
大秦铁路,sh601006
金陵饭店,sh601007
连云港,sh601008
南京银行,sh601009
文峰股份,sh601010
宝泰隆,sh601011
隆基股份,sh601012
陕西黑猫,sh601015
节能风电,sh601016
宁波港,sh601018
山东出版,sh601019
华钰矿业,sh601020
春秋航空,sh601021
玉龙股份,sh601028
一拖股份,sh601038
赛轮金宇,sh601058
西部黄金,sh601069
国芳集团,sh601086
中国神华,sh601088
中南传媒,sh601098
太平洋,sh601099
恒立液压,sh601100
昊华能源,sh601101
*ST一重,sh601106
四川成渝,sh601107
财通证券,sh601108
中国国航,sh601111
华鼎股份,sh601113
三江购物,sh601116
中国化学,sh601117
海南橡胶,sh601118
四方股份,sh601126
小康股份,sh601127
常熟银行,sh601128
博威合金,sh601137
深圳燃气,sh601139
新城控股,sh601155
重庆水务,sh601158
三角轮胎,sh601163
兴业银行,sh601166
西部矿业,sh601168
北京银行,sh601169
杭齿前进,sh601177
中国西电,sh601179
中国铁建,sh601186
龙江交通,sh601188
东兴证券,sh601198
江南水务,sh601199
上海环境,sh601200
海尔施,sh601206
东材科技,sh601208
国泰君安,sh601211
白银有色,sh601212
君正集团,sh601216
吉鑫科技,sh601218
林洋能源,sh601222
陕西煤业,sh601225
华电重工,sh601226
广州港,sh601228
上海银行,sh601229
环旭电子,sh601231
桐昆股份,sh601233
广汽集团,sh601238
庞大集团,sh601258
农业银行,sh601288
骆驼股份,sh601311
江南嘉捷,sh601313
中国平安,sh601318
秦港股份,sh601326
交通银行,sh601328
广深铁路,sh601333
新华保险,sh601336
百隆东方,sh601339
利群股份,sh601366
绿城水务,sh601368
陕鼓动力,sh601369
中原证券,sh601375
兴业证券,sh601377
怡球资源,sh601388
中国中铁,sh601390
工商银行,sh601398
通用股份,sh601500
东风股份,sh601515
吉林高速,sh601518
*ST智慧,sh601519
东吴证券,sh601555
*ST锐电,sh601558
九牧王,sh601566
三星医疗,sh601567
会稽山,sh601579
北辰实业,sh601588
上海电影,sh601595
鹿港文化,sh601599
中国铝业,sh601600
中国太保,sh601601
上海医药,sh601607
中信重工,sh601608
中国核建,sh601611
广电电气,sh601616
中国中冶,sh601618
嘉泽新能,sh601619
中国人寿,sh601628
长城汽车,sh601633
旗滨集团,sh601636
平煤股份,sh601666
中国建筑,sh601668
中国电建,sh601669
明泰铝业,sh601677
滨化股份,sh601678
华泰证券,sh601688
拓普集团,sh601689
潞安环能,sh601699
风范股份,sh601700
郑煤机,sh601717
际华集团,sh601718
上海电气,sh601727
中国中车,sh601766
力帆股份,sh601777
光大证券,sh601788
宁波建工,sh601789
蓝科高新,sh601798
星宇股份,sh601799
中国交建,sh601800
皖新传媒,sh601801
中海油服,sh601808
新华文轩,sh601811
光大银行,sh601818
美凯龙,sh601828
成都银行,sh601838
中国石油,sh601857
中国科传,sh601858
中远海发,sh601866
招商轮船,sh601872
正泰电器,sh601877
浙商证券,sh601878
大连港,sh601880
中国银河,sh601881
海天精工,sh601882
江河集团,sh601886
中国国旅,sh601888
亚星锚链,sh601890
中煤能源,sh601898
紫金矿业,sh601899
南方传媒,sh601900
方正证券,sh601901
京运通,sh601908
新集能源,sh601918
中远海控,sh601919
凤凰传媒,sh601928
吉视传媒,sh601929
永辉超市,sh601933
建设银行,sh601939
中国出版,sh601949
苏垦农发,sh601952
金钼股份,sh601958
中国汽研,sh601965
玲珑轮胎,sh601966
宝钢包装,sh601968
海南矿业,sh601969
中国核电,sh601985
中国银行,sh601988
中国重工,sh601989
大唐发电,sh601991
金隅集团,sh601992
丰林集团,sh601996
贵阳银行,sh601997
中信银行,sh601998
出版传媒,sh601999
人民网,sh603000
奥康国际,sh603001
宏昌电子,sh603002
龙宇燃油,sh603003
晶方科技,sh603005
联明股份,sh603006
花王股份,sh603007
喜临门,sh603008
北特科技,sh603009
万盛股份,sh603010
合锻智能,sh603011
创力集团,sh603012
弘讯科技,sh603015
新宏泰,sh603016
中衡设计,sh603017
中设集团,sh603018
中科曙光,sh603019
爱普股份,sh603020
山东华鹏,sh603021
新通联,sh603022
威帝股份,sh603023
大豪科技,sh603025
石大胜华,sh603026
千禾味业,sh603027
赛福天,sh603028
天鹅股份,sh603029
全筑股份,sh603030
安德利,sh603031
德新交运,sh603032
三维股份,sh603033
常熟汽饰,sh603035
如通股份,sh603036
凯众股份,sh603037
华立股份,sh603038
泛微网络,sh603039
新坐标,sh603040
美思德,sh603041
华脉科技,sh603042
广州酒家,sh603043
科林电气,sh603050
台华新材,sh603055
德邦股份,sh603056
永吉股份,sh603058
国检集团,sh603060
禾望电气,sh603063
音飞储存,sh603066
振华股份,sh603067
海汽集团,sh603069
乐惠国际,sh603076
和邦生物,sh603077
江化微,sh603078
圣达生物,sh603079
新疆火炬,sh603080
大丰实业,sh603081
剑桥科技,sh603083
天成自控,sh603085
先达股份,sh603086
宁波精达,sh603088
正裕工业,sh603089
宏盛股份,sh603090
新经典,sh603096
森特股份,sh603098
长白山,sh603099
川仪股份,sh603100
汇嘉时代,sh603101
横店影视,sh603103
恒银金融,sh603106
润达医疗,sh603108
东方材料,sh603110
康尼机电,sh603111
金能科技,sh603113
红蜻蜓,sh603116
万林股份,sh603117
共进股份,sh603118
翠微股份,sh603123
中材节能,sh603126
昭衍新药,sh603127
华贸物流,sh603128
春风动力,sh603129
上海沪工,sh603131
碳元科技,sh603133
天目湖,sh603136
海量数据,sh603138
康惠制药,sh603139
养元饮品,sh603156
拉夏贝尔,sh603157
腾龙股份,sh603158
上海亚虹,sh603159
汇顶科技,sh603160
科华控股,sh603161
荣晟环保,sh603165
福达股份,sh603166
渤海轮渡,sh603167
莎普爱思,sh603168
兰石重装,sh603169
德创环保,sh603177
圣龙股份,sh603178
新泉股份,sh603179
金牌厨柜,sh603180
皇马科技,sh603181
建研院,sh603183
华正新材,sh603186
亚邦股份,sh603188
网达软件,sh603189
日播时尚,sh603196
保隆科技,sh603197
迎驾贡酒,sh603198
九华旅游,sh603199
上海洗霸,sh603200
快克股份,sh603203
江山欧派,sh603208
日月股份,sh603218
济民制药,sh603222
恒通股份,sh603223
新凤鸣,sh603225
菲林格尔,sh603226
雪峰科技,sh603227
景旺电子,sh603228
奥翔药业,sh603229
格尔软件,sh603232
大参林,sh603233
诺邦股份,sh603238
浙江仙通,sh603239
电魂网络,sh603258
合盛硅业,sh603260
天龙股份,sh603266
松发股份,sh603268
海鸥股份,sh603269
银都股份,sh603277
大业股份,sh603278
赛腾股份,sh603283
日盈电子,sh603286
海天味业,sh603288
泰瑞机器,sh603289
杭叉集团,sh603298
井神股份,sh603299
华铁科技,sh603300
鑫广绿环,sh603302
得邦照明,sh603303
旭升股份,sh603305
华懋科技,sh603306
应流股份,sh603308
维力医疗,sh603309
金海环境,sh603311
梦百合,sh603313
福鞍股份,sh603315
诚邦股份,sh603316
派思股份,sh603318
湘油泵,sh603319
迪贝电气,sh603320
梅轮电梯,sh603321
超讯通信,sh603322
吴江银行,sh603323
我乐家居,sh603326
依顿电子,sh603328
上海雅仕,sh603329
上海天洋,sh603330
百达精工,sh603331
明星电缆,sh603333
迪生力,sh603335
宏辉果蔬,sh603336
杰克股份,sh603337
浙江鼎力,sh603338
四方冷链,sh603339
安井食品,sh603345
莱克电气,sh603355
华菱精工,sh603356
设计总院,sh603357
华达科技,sh603358
东珠景观,sh603359
百傲化学,sh603360
傲农生物,sh603363
水星家纺,sh603365
日出东方,sh603366
辰欣药业,sh603367
柳州医药,sh603368
今世缘,sh603369
东方时尚,sh603377
亚士创能,sh603378
易德龙,sh603380
顶点软件,sh603383
惠达卫浴,sh603385
广东骏亚,sh603386
基蛋生物,sh603387
元成股份,sh603388
亚振家居,sh603389
新天然气,sh603393
金辰股份,sh603396
邦宝益智,sh603398
新华龙,sh603399
信捷电气,sh603416
鼎信通讯,sh603421
集友股份,sh603429
吉比特,sh603444
九洲药业,sh603456
勘设股份,sh603458
风语筑,sh603466
振静股份,sh603477
展鹏科技,sh603488
恒为科技,sh603496
翔港科技,sh603499
祥和实业,sh603500
韦尔股份,sh603501
金石资源,sh603505
南都物业,sh603506
振江股份,sh603507
思维列控,sh603508
欧普照明,sh603515
淳中科技,sh603516
绝味食品,sh603517
维格娜丝,sh603518
立霸股份,sh603519
司太立,sh603520
众源新材,sh603527
多伦科技,sh603528
掌阅科技,sh603533
嘉诚国际,sh603535
惠发股份,sh603536
美诺华,sh603538
贵人鸟,sh603555
海兴电力,sh603556
起步股份,sh603557
健盛集团,sh603558
中通国脉,sh603559
普莱柯,sh603566
珍宝岛,sh603567
伟明环保,sh603568
长久物流,sh603569
汇金通,sh603577
三星新材,sh603578
荣泰健康,sh603579
艾艾精工,sh603580
苏利股份,sh603585
金麒麟,sh603586
地素时尚,sh603587
高能环境,sh603588
口子窖,sh603589
东尼电子,sh603595
引力传媒,sh603598
广信股份,sh603599
永艺股份,sh603600
再升科技,sh603601
纵横通信,sh603602
博天环境,sh603603
珀莱雅,sh603605
东方电缆,sh603606
京华激光,sh603607
天创时尚,sh603608
禾丰牧业,sh603609
诺力股份,sh603611
索通发展,sh603612
茶花股份,sh603615
韩建河山,sh603616
君禾股份,sh603617
杭电股份,sh603618
中曼石油,sh603619
科森科技,sh603626
清源股份,sh603628
拉芳家化,sh603630
徕木股份,sh603633
南威软件,sh603636
镇海股份,sh603637
艾迪精密,sh603638
海利尔,sh603639
畅联股份,sh603648
朗博科技,sh603655
泰禾光电,sh603656
安图生物,sh603658
璞泰来,sh603659
苏州科达,sh603660
恒林股份,sh603661
三祥新材,sh603663
康隆达,sh603665
五洲新春,sh603667
天马科技,sh603668
灵康药业,sh603669
卫信康,sh603676
奇精机械,sh603677
火炬电子,sh603678
华体科技,sh603679
今创集团,sh603680
晶华新材,sh603683
晨丰科技,sh603685
龙马环卫,sh603686
石英股份,sh603688
皖天然气,sh603689
至纯科技,sh603690
安记食品,sh603696
航天工程,sh603698
纽威股份,sh603699
德宏股份,sh603701
盛洋科技,sh603703
健友股份,sh603707
家家悦,sh603708
中源家居,sh603709
香飘飘,sh603711
塞力斯,sh603716
天域生态,sh603717
海利生物,sh603718
中广天择,sh603721
阿科力,sh603722
天安新材,sh603725
朗迪集团,sh603726
博迈科,sh603727
鸣志电器,sh603728
龙韵股份,sh603729
岱美股份,sh603730
三棵树,sh603737
泰晶科技,sh603738
大元泵业,sh603757
秦安股份,sh603758
隆鑫通用,sh603766
中马传动,sh603767
常青股份,sh603768
永安行,sh603776
来伊份,sh603777
乾景园林,sh603778
威龙股份,sh603779
新日股份,sh603787
宁波高发,sh603788
星光农机,sh603789
联泰环保,sh603797
康普顿,sh603798
华友钴业,sh603799
道森股份,sh603800
志邦股份,sh603801
瑞斯康达,sh603803
福斯特,sh603806
歌力思,sh603808
豪能股份,sh603809
诚意药业,sh603811
原尚股份,sh603813
顾家家居,sh603816
海峡环保,sh603817
曲美家居,sh603818
神力股份,sh603819
嘉澳环保,sh603822
百合花,sh603823
华扬联众,sh603825
坤彩科技,sh603826
柯利达,sh603828
洛凯股份,sh603829
欧派家居,sh603833
四通股份,sh603838
安正时尚,sh603839
正平股份,sh603843
好太太,sh603848
华荣股份,sh603855
东宏股份,sh603856
步长制药,sh603858
能科股份,sh603859
中公高科,sh603860
白云电器,sh603861
桃李面包,sh603866
飞科电器,sh603868
北部湾旅,sh603869
嘉友国际,sh603871
太平鸟,sh603877
武进不锈,sh603878
永悦科技,sh603879
南卫股份,sh603880
数据港,sh603881
金域医学,sh603882
老百姓,sh603883
吉祥航空,sh603885
元祖股份,sh603886
城地股份,sh603887
新华网,sh603888
新澳股份,sh603889
春秋电子,sh603890
天永智能,sh603895
寿仙谷,sh603896
好莱客,sh603898
晨光文具,sh603899
莱绅通灵,sh603900
永创智能,sh603901
中持股份,sh603903
龙蟠科技,sh603906
牧高笛,sh603908
合诚股份,sh603909
佳力图,sh603912
苏博特,sh603916
合力科技,sh603917
金桥信息,sh603918
金徽酒,sh603919
世运电路,sh603920
金鸿顺,sh603922
铁流股份,sh603926
兴业股份,sh603928
亚翔集成,sh603929
睿能科技,sh603933
博敏电子,sh603936
丽岛新材,sh603937
三孚股份,sh603938
益丰药房,sh603939
大千生态,sh603955
哈森股份,sh603958
百利科技,sh603959
克来机电,sh603960
大理药业,sh603963
法兰泰克,sh603966
醋化股份,sh603968
银龙股份,sh603969
中农立华,sh603970
正川股份,sh603976
国泰集团,sh603977
深圳新星,sh603978
金诚信,sh603979
吉华集团,sh603980
恒润股份,sh603985
兆易创新,sh603986
康德莱,sh603987
中电电机,sh603988
艾华集团,sh603989
麦迪科技,sh603990
至正股份,sh603991
洛阳钼业,sh603993
中新科技,sh603996
继峰股份,sh603997
方盛制药,sh603998
读者传媒,sh603999
云赛Ｂ股,sh900901
市北B股,sh900902
大众Ｂ股,sh900903
神奇B股,sh900904
老凤祥Ｂ,sh900905
中毅达B,sh900906
鹏起Ｂ股,sh900907
氯碱Ｂ股,sh900908
华谊B股,sh900909
海立Ｂ股,sh900910
金桥Ｂ股,sh900911
外高Ｂ股,sh900912
国新B股,sh900913
锦投Ｂ股,sh900914
中路Ｂ股,sh900915
凤凰B股,sh900916
海欣Ｂ股,sh900917
耀皮Ｂ股,sh900918
绿庭B股,sh900919
上柴Ｂ股,sh900920
*ST丹科B,sh900921
三毛B股,sh900922
百联Ｂ股,sh900923
上工Ｂ股,sh900924
机电Ｂ股,sh900925
宝信Ｂ,sh900926
物贸Ｂ股,sh900927
临港B股,sh900928
锦旅Ｂ股,sh900929
*ST沪普B,sh900930
陆家Ｂ股,sh900932
华新Ｂ股,sh900933
锦江Ｂ股,sh900934
鄂资Ｂ股,sh900936
华电Ｂ股,sh900937
天海B,sh900938
汇丽B,sh900939
大名城B,sh900940
东信Ｂ股,sh900941
黄山Ｂ股,sh900942
开开Ｂ股,sh900943
海控Ｂ股,sh900945
天雁B股,sh900946
振华Ｂ股,sh900947
伊泰Ｂ股,sh900948
*ST大化B,sh900951
锦港Ｂ股,sh900952
凯马Ｂ,sh900953
海创B股,sh900955
东贝Ｂ股,sh900956
凌云Ｂ股,sh900957
